Workbook

Sheet Main
A1: State | B1: Locality | C1: Region | D1: Local Government Area | E1: Council Seat | F1: Year Established | G1: Year Establised (City) | H1: Land Area km² | I1: Sq Miles | J1: Population 2021 | K1: Population Density 2021 | L1: Population 2022 | M1: Population Density 2022 | N1: Councillors (2022) | O1: Main Website | P1: Web Mapping Link | Q1: Spatial Data Link | R1: Notes | S1: Principal Town | T1: AU TOWNS LGA MATCH | U1: Match in AU Towns? | V1: Searchable | W1: Main Link
A2: ACT | B2: Metropolitan | C2: Australian Capital Territory | D2: Australian Capital Territory | T2: Unincorporated | U2: ACT,Unincorporated | V2: Australian Capital Territory | W2: =IF(A2="NSW",_xlfn.TEXTJOIN("",TRUE,'State Sites'!B$2,Main!V2),"")
A3: NSW | B3: Metropolitan | C3: Greater Sydney | D3: Bayside Council | E3: Rockdale Town Hall | F3: 13 January 1871 (as Rockdale Municipality) | G3: 9 September 2016[3] | H3: 50 | I3: 19 | T3: Bayside | U3: NSW,Bayside | V3: bayside-council | W3: =IF(A3="NSW",_xlfn.TEXTJOIN("",TRUE,'State Sites'!B$2,Main!V3),"") -> https://data.nsw.gov.au/data/organization/bayside-council
F4: 29 March 1888 (as Borough of Botany) | V4: 0 | W4: =IF(A4="NSW",_xlfn.TEXTJOIN("",TRUE,'State Sites'!B$2,Main!V4),"")
A5: NSW | B5: Metropolitan | C5: Greater Sydney | D5: Blacktown | E5: Blacktown | F5: 6 March 1906 (Shire)[4] | G5: 7 March 1979 | H5: 240 | I5: 93 | T5: Blacktown | U5: NSW,Blacktown | V5: blacktown-city-council | W5: =IF(A5="NSW",_xlfn.TEXTJOIN("",TRUE,'State Sites'!B$2,Main!V5),"") -> https://data.nsw.gov.au/data/organization/blacktown-city-council
A6: NSW | B6: Metropolitan | C6: Greater Sydney | D6: Burwood | E6: Burwood | F6: 27 March 1874[5] | G6: n/a | H6: 7.1 | I6: 2.7 | T6: Burwood | U6: NSW,Burwood | V6: burwood-council | W6: =IF(A6="NSW",_xlfn.TEXTJOIN("",TRUE,'State Sites'!B$2,Main!V6),"") -> https://data.nsw.gov.au/data/organization/burwood-council
A7: NSW | B7: Metropolitan | C7: Greater Sydney | D7: Camden Council | E7: Oran Park | F7: 6 February 1889[6] | G7: n/a | H7: 201 | I7: 78 | T7: Camden | U7: NSW,Camden | V7: camden-council | W7: =IF(A7="NSW",_xlfn.TEXTJOIN("",TRUE,'State Sites'!B$2,Main!V7),"") -> https://data.nsw.gov.au/data/organization/camden-council
A8: NSW | B8: Metropolitan | C8: Greater Sydney | D8: Campbelltown | E8: Campbelltown | F8: 21 January 1882[7] | G8: 4 May 1968 | H8: 312 | I8: 120 | T8: Campbelltown | U8: NSW,Campbelltown | V8: campbelltown-city-council | W8: =IF(A8="NSW",_xlfn.TEXTJOIN("",TRUE,'State Sites'!B$2,Main!V8),"") -> https://data.nsw.gov.au/data/organization/campbelltown-city-council
A9: NSW | B9: Metropolitan | C9: Greater Sydney | D9: Canada Bay | E9: Drummoyne | F9: 11 August 1883 (Municipal District of Concord)[8] | G9: December 2000 | H9: 20 | I9: 7.7 | T9: Canada Bay | U9: NSW,Canada Bay | V9: city-of-canada-bay-council | W9: =IF(A9="NSW",_xlfn.TEXTJOIN("",TRUE,'State Sites'!B$2,Main!V9),"") -> https://data.nsw.gov.au/data/organization/city-of-canada-bay-council
F10: 18 January 1890 (Borough of Drummoyne) | V10: 0 | W10: =IF(A10="NSW",_xlfn.TEXTJOIN("",TRUE,'State Sites'!B$2,Main!V10),"")
A11: NSW | B11: Metropolitan | C11: Greater Sydney | D11: Canterbury-Bankstown | E11: Bankstown | F11: 17 March 1879 (Municipal District of Canterbury) | G11: 12 May 2016[9] | H11: 110 | I11: 42 | T11: Canterbury-Bankstown | U11: NSW,Canterbury-Bankstown | V11: canterbury-bankstown-council | W11: =IF(A11="NSW",_xlfn.TEXTJOIN("",TRUE,'State Sites'!B$2,Main!V11),"") -> https://data.nsw.gov.au/data/organization/canterbury-bankstown-council
F12: 7 September 1895 (Municipal District of Bankstown) | V12: 0 | W12: =IF(A12="NSW",_xlfn.TEXTJOIN("",TRUE,'State Sites'!B$2,Main!V12),"")
A13: NSW | B13: Metropolitan | C13: Greater Sydney | D13: Cumberland | E13: Merrylands | F13: 9 July 1872 | G13: 12 May 2016[10] | H13: 72 | I13: 28 | T13: Cumberland | U13: NSW,Cumberland | V13: cumberland-council | W13: =IF(A13="NSW",_xlfn.TEXTJOIN("",TRUE,'State Sites'!B$2,Main!V13),"") -> https://data.nsw.gov.au/data/organization/cumberland-council
F14: (as the Prospect and Sherwood Municipal District) | V14: 0 | W14: =IF(A14="NSW",_xlfn.TEXTJOIN("",TRUE,'State Sites'!B$2,Main!V14),"")
A15: NSW | B15: Metropolitan | C15: Greater Sydney | D15: Fairfield | E15: Wakeley | F15: 11 December 1888 | G15: 18 May 1979 | H15: 102 | I15: 39 | T15: Fairfield | U15: NSW,Fairfield | V15: fairfield-city-council | W15: =IF(A15="NSW",_xlfn.TEXTJOIN("",TRUE,'State Sites'!B$2,Main!V15),"") -> https://data.nsw.gov.au/data/organization/fairfield-city-council
F16: (as the Smithfield and Fairfield Municipal District) | V16: 0 | W16: =IF(A16="NSW",_xlfn.TEXTJOIN("",TRUE,'State Sites'!B$2,Main!V16),"")
A17: NSW | B17: Metropolitan | C17: Greater Sydney | D17: Georges River Council | E17: Hurstville | F17: 22 December 1885 (as the Kogarah Municipality) | G17: 12 May 2016[11] | H17: 38 | I17: 15 | T17: Georges River | U17: NSW,Georges River | V17: georges-river-council | W17: =IF(A17="NSW",_xlfn.TEXTJOIN("",TRUE,'State Sites'!B$2,Main!V17),"") -> https://data.nsw.gov.au/data/organization/georges-river-council
F18: 25 March 1887 | V18: 0 | W18: =IF(A18="NSW",_xlfn.TEXTJOIN("",TRUE,'State Sites'!B$2,Main!V18),"")
F19: (Municipal District of Hurstville) | V19: 0 | W19: =IF(A19="NSW",_xlfn.TEXTJOIN("",TRUE,'State Sites'!B$2,Main!V19),"")
A20: NSW | B20: Metropolitan | C20: Greater Sydney | D20: Hornsby Shire | E20: Hornsby | F20: 6 March 1906[4] | G20: n/a | H20: 455 | I20: 176 | T20: Hornsby | U20: NSW,Hornsby | V20: hornsby-shire-council | W20: =IF(A20="NSW",_xlfn.TEXTJOIN("",TRUE,'State Sites'!B$2,Main!V20),"") -> https://data.nsw.gov.au/data/organization/hornsby-shire-council
A21: NSW | B21: Metropolitan | C21: Greater Sydney | D21: Hunter's Hill | E21: Hunters Hill | F21: 7 January 1861[12] | G21: n/a | H21: 5.7 | I21: 2.2 | T21: Hunters Hill | U21: NSW,Hunters Hill | V21: Hunter's Hill | W21: =IF(A21="NSW",_xlfn.TEXTJOIN("",TRUE,'State Sites'!B$2,Main!V21),"") -> https://data.nsw.gov.au/data/organization/Hunter's Hill
A22: NSW | B22: Metropolitan | C22: Greater Sydney | D22: Inner West Council | E22: Ashfield, Leichhardt, Petersham | F22: 1 November 1861 (Municipality of Marrickville) | G22: 12 May 2016[13] | H22: 35 | I22: 14 | T22: Inner West | U22: NSW,Inner West | V22: inner-west-council | W22: =IF(A22="NSW",_xlfn.TEXTJOIN("",TRUE,'State Sites'!B$2,Main!V22),"") -> https://data.nsw.gov.au/data/organization/inner-west-council
F23: 28 December 1871 (Borough of Ashfield) | V23: 0 | W23: =IF(A23="NSW",_xlfn.TEXTJOIN("",TRUE,'State Sites'!B$2,Main!V23),"")
F24: 29 December 1871 (Municipal District of Leichhardt) | V24: 0 | W24: =IF(A24="NSW",_xlfn.TEXTJOIN("",TRUE,'State Sites'!B$2,Main!V24),"")
A25: NSW | B25: Metropolitan | C25: Greater Sydney | D25: Ku-ring-gai Council | E25: Gordon | F25: 1906 (Shire)[4] 1928 (Municipality) | G25: n/a | H25: 85 | I25: 33 | T25: Ku-ring-gai | U25: NSW,Ku-ring-gai | V25: ku-ring-gai-council | W25: =IF(A25="NSW",_xlfn.TEXTJOIN("",TRUE,'State Sites'!B$2,Main!V25),"") -> https://data.nsw.gov.au/data/organization/ku-ring-gai-council
A26: NSW | B26: Metropolitan | C26: Greater Sydney | D26: Lane Cove Council | E26: Lane Cove | F26: 11 February 1895 (Borough of Lane Cove)[14] | G26: n/a | H26: 11 | I26: 4.2 | T26: Lane Cove | U26: NSW,Lane Cove | V26: lane-cove-municipal-council | W26: =IF(A26="NSW",_xlfn.TEXTJOIN("",TRUE,'State Sites'!B$2,Main!V26),"") -> https://data.nsw.gov.au/data/organization/lane-cove-municipal-council
A27: NSW | B27: Metropolitan | C27: Greater Sydney | D27: Liverpool | E27: Liverpool | F27: 27 June 1872 (Municipal District) | G27: 9 November 1960 | H27: 306 | I27: 118 | T27: Liverpool | U27: NSW,Liverpool | V27: liverpool-city-council | W27: =IF(A27="NSW",_xlfn.TEXTJOIN("",TRUE,'State Sites'!B$2,Main!V27),"") -> https://data.nsw.gov.au/data/organization/liverpool-city-council
A28: NSW | B28: Metropolitan | C28: Greater Sydney | D28: Mosman Council | E28: Mosman | F28: 11 April 1893 (as Borough of Mosman)[15] | G28: n/a | H28: 8.7 | I28: 3.4 | T28: Mosman | U28: NSW,Mosman | V28: mosman-municipal-council | W28: =IF(A28="NSW",_xlfn.TEXTJOIN("",TRUE,'State Sites'!B$2,Main!V28),"") -> https://data.nsw.gov.au/data/organization/mosman-municipal-council
A29: NSW | B29: Metropolitan | C29: Greater Sydney | D29: North Sydney Council | E29: North Sydney Council Chambers | F29: 31 July 1890 (as Borough of North Sydney)[16] | G29: n/a | H29: 11 | I29: 4.2 | T29: North Sydney | U29: NSW,North Sydney | V29: north-sydney-council | W29: =IF(A29="NSW",_xlfn.TEXTJOIN("",TRUE,'State Sites'!B$2,Main!V29),"") -> https://data.nsw.gov.au/data/organization/north-sydney-council
A30: NSW | B30: Metropolitan | C30: Greater Sydney | D30: Northern Beaches Council | E30: Dee Why | F30: 6 January 1877 (Manly Municipality) | G30: 12 May 2016[17] | H30: 254 | I30: 98 | T30: Northern Beaches | U30: NSW,Northern Beaches | V30: northern-beaches-council | W30: =IF(A30="NSW",_xlfn.TEXTJOIN("",TRUE,'State Sites'!B$2,Main!V30),"") -> https://data.nsw.gov.au/data/organization/northern-beaches-council
F31: 7 March 1906 (as Warringah Shire)[4] | V31: 0 | W31: =IF(A31="NSW",_xlfn.TEXTJOIN("",TRUE,'State Sites'!B$2,Main!V31),"")
F32: 1 May 1992 (as Pittwater Municipality) | V32: 0 | W32: =IF(A32="NSW",_xlfn.TEXTJOIN("",TRUE,'State Sites'!B$2,Main!V32),"")
A33: NSW | B33: Metropolitan | C33: Greater Sydney | D33: Parramatta | E33: Parramatta Town Hall | F33: 27 November 1861 (Municipality) | G33: 12 May 2016[18] | H33: 84 | I33: 32 | T33: Parramatta | U33: NSW,Parramatta | V33: city-of-parramatta-council | W33: =IF(A33="NSW",_xlfn.TEXTJOIN("",TRUE,'State Sites'!B$2,Main!V33),"") -> https://data.nsw.gov.au/data/organization/city-of-parramatta-council
A34: NSW | B34: Metropolitan | C34: Greater Sydney | D34: Penrith | E34: Penrith | F34: 12 May 1871 (Municipality)[19] | G34: 21 October 1959 | H34: 405 | I34: 156 | T34: Penrith | U34: NSW,Penrith | V34: penrith-city-council | W34: =IF(A34="NSW",_xlfn.TEXTJOIN("",TRUE,'State Sites'!B$2,Main!V34),"") -> https://data.nsw.gov.au/data/organization/penrith-city-council
A35: NSW | B35: Metropolitan | C35: Greater Sydney | D35: Randwick | E35: Randwick Town Hall | F35: 23 February 1859[20] | G35: 1 July 1990[21] | H35: 36 | I35: 14 | T35: Randwick | U35: NSW,Randwick | V35: randwick-city-council | W35: =IF(A35="NSW",_xlfn.TEXTJOIN("",TRUE,'State Sites'!B$2,Main!V35),"") -> https://data.nsw.gov.au/data/organization/randwick-city-council
A36: NSW | B36: Metropolitan | C36: Greater Sydney | D36: Ryde | E36: Ryde | F36: 12 November 1870 (Municipal district) | G36: 1 January 1992 | H36: 41 | I36: 16 | T36: Ryde | U36: NSW,Ryde | V36: city-of-ryde | W36: =IF(A36="NSW",_xlfn.TEXTJOIN("",TRUE,'State Sites'!B$2,Main!V36),"") -> https://data.nsw.gov.au/data/organization/city-of-ryde
A37: NSW | B37: Metropolitan | C37: Greater Sydney | D37: Strathfield | E37: Strathfield | F37: 2 June 1885 | G37: n/a | H37: 14 | I37: 5.4 | T37: Strathfield | U37: NSW,Strathfield | V37: strathfield-municipal-council | W37: =IF(A37="NSW",_xlfn.TEXTJOIN("",TRUE,'State Sites'!B$2,Main!V37),"") -> https://data.nsw.gov.au/data/organization/strathfield-municipal-council
A38: NSW | B38: Metropolitan | C38: Greater Sydney | D38: Sutherland Shire | E38: Sutherland | F38: 6 March 1906[4] | G38: n/a | H38: 334 | I38: 129 | T38: Sutherland Shire | U38: NSW,Sutherland Shire | V38: sutherland-shire-council | W38: =IF(A38="NSW",_xlfn.TEXTJOIN("",TRUE,'State Sites'!B$2,Main!V38),"") -> https://data.nsw.gov.au/data/organization/sutherland-shire-council
A39: NSW | B39: Metropolitan | C39: Greater Sydney | D39: Sydney | E39: Sydney Town Hall | F39: n/a | G39: 20 July 1842[22] | H39: 27 | I39: 10 | T39: Sydney | U39: NSW,Sydney | V39: Sydney | W39: =IF(A39="NSW",_xlfn.TEXTJOIN("",TRUE,'State Sites'!B$2,Main!V39),"") -> https://data.nsw.gov.au/data/organization/Sydney
A40: NSW | B40: Metropolitan | C40: Greater Sydney | D40: The Hills Shire | E40: Norwest | F40: 6 March 1906[4] | G40: n/a | H40: 386 | I40: 149 | T40: The Hills Shire | U40: NSW,The Hills Shire | V40: the-hills-shire-council | W40: =IF(A40="NSW",_xlfn.TEXTJOIN("",TRUE,'State Sites'!B$2,Main!V40),"") -> https://data.nsw.gov.au/data/organization/the-hills-shire-council
F41: (as Baulkham Hills Shire) | V41: 0 | W41: =IF(A41="NSW",_xlfn.TEXTJOIN("",TRUE,'State Sites'!B$2,Main!V41),"")
A42: NSW | B42: Metropolitan | C42: Greater Sydney | D42: Waverley Council | E42: Bondi Junction | F42: 16 June 1859[23] | G42: n/a | H42: 9.4 | I42: 3.6 | T42: Waverley | U42: NSW,Waverley | V42: waverley-council | W42: =IF(A42="NSW",_xlfn.TEXTJOIN("",TRUE,'State Sites'!B$2,Main!V42),"") -> https://data.nsw.gov.au/data/organization/waverley-council
A43: NSW | B43: Metropolitan | C43: Greater Sydney | D43: Willoughby | E43: Chatswood | F43: 23 October 1865[24] | G43: 17 November 1989[25] | H43: 22 | I43: 8.5 | T43: Willoughby | U43: NSW,Willoughby | V43: willoughby-city-council | W43: =IF(A43="NSW",_xlfn.TEXTJOIN("",TRUE,'State Sites'!B$2,Main!V43),"") -> https://data.nsw.gov.au/data/organization/willoughby-city-council
A44: NSW | B44: Metropolitan | C44: Greater Sydney | D44: Woollahra | E44: Double Bay | F44: 20 April 1860[26] | G44: n/a | H44: 12 | I44: 4.6 | T44: Woollahra | U44: NSW,Woollahra | V44: woollahra-municipal-council | W44: =IF(A44="NSW",_xlfn.TEXTJOIN("",TRUE,'State Sites'!B$2,Main!V44),"") -> https://data.nsw.gov.au/data/organization/woollahra-municipal-council
A45: NSW | B45: Metropolitan | C45: Outer Metropolitan Sydney | D45: Blue Mountains | E45: Katoomba | F45: 4 January 1889 | G45: 1 October 1947 | H45: 1431 | I45: 553 | T45: Blue Mountains | U45: NSW,Blue Mountains | V45: blue-mountains-city-council | W45: =IF(A45="NSW",_xlfn.TEXTJOIN("",TRUE,'State Sites'!B$2,Main!V45),"") -> https://data.nsw.gov.au/data/organization/blue-mountains-city-council
F46: (as the Municipality of Katoomba)[27] | V46: 0 | W46: =IF(A46="NSW",_xlfn.TEXTJOIN("",TRUE,'State Sites'!B$2,Main!V46),"")
A47: NSW | B47: Metropolitan | C47: Outer Metropolitan Sydney | D47: Hawkesbury | E47: Windsor | F47: 1843 | G47: 1 January 1981[28] | H47: 2775 | I47: 1071 | T47: Hawkesbury | U47: NSW,Hawkesbury | V47: hawkesbury-city-council | W47: =IF(A47="NSW",_xlfn.TEXTJOIN("",TRUE,'State Sites'!B$2,Main!V47),"") -> https://data.nsw.gov.au/data/organization/hawkesbury-city-council
F48: (as Windsor District Council) | V48: 0 | W48: =IF(A48="NSW",_xlfn.TEXTJOIN("",TRUE,'State Sites'!B$2,Main!V48),"")
A49: NSW | B49: Metropolitan | C49: Outer Metropolitan Sydney | D49: Wollondilly Shire | E49: Picton | F49: 6 March 1906[4] | G49: n/a | H49: 2555 | I49: 986 | T49: Wollondilly | U49: NSW,Wollondilly | V49: wollondilly-shire-council | W49: =IF(A49="NSW",_xlfn.TEXTJOIN("",TRUE,'State Sites'!B$2,Main!V49),"") -> https://data.nsw.gov.au/data/organization/wollondilly-shire-council
A50: NSW | B50: Regional | C50: Central Coast | D50: Central Coast Council | E50: Gosford, Wyong | F50: 11 November 1886 (as Borough of Gosford) | G50: 12 May 2016[30] | H50: 1681 | I50: 649 | T50: Central Coast | U50: NSW,Central Coast | V50: central-coast-council | W50: =IF(A50="NSW",_xlfn.TEXTJOIN("",TRUE,'State Sites'!B$2,Main!V50),"") -> https://data.nsw.gov.au/data/organization/central-coast-council
F51: 1 January 1947 | V51: 0 | W51: =IF(A51="NSW",_xlfn.TEXTJOIN("",TRUE,'State Sites'!B$2,Main!V51),"")
F52: (as Wyong Shire)[29] | V52: 0 | W52: =IF(A52="NSW",_xlfn.TEXTJOIN("",TRUE,'State Sites'!B$2,Main!V52),"")
A53: NSW | B53: Regional | C53: Central West | D53: Bathurst Regional Council | E53: Bathurst | F53: 26 May 2004[44] | G53: n/a | H53: 3818 | I53: 1474 | T53: Bathurst Regional | U53: NSW,Bathurst Regional | V53: bathurst-regional-council | W53: =IF(A53="NSW",_xlfn.TEXTJOIN("",TRUE,'State Sites'!B$2,Main!V53),"") -> https://data.nsw.gov.au/data/organization/bathurst-regional-council
A54: NSW | B54: Regional | C54: Central West | D54: Blayney Shire | E54: Blayney | F54: 1 November 1882[79] | G54: n/a | H54: 1525 | I54: 589 | T54: Blayney | U54: NSW,Blayney | V54: blayney-shire-council | W54: =IF(A54="NSW",_xlfn.TEXTJOIN("",TRUE,'State Sites'!B$2,Main!V54),"") -> https://data.nsw.gov.au/data/organization/blayney-shire-council
A55: NSW | B55: Regional | C55: Central West | D55: Cabonne Shire | E55: Molong | F55: 1 October 1977[80] | G55: n/a | H55: 6022 | I55: 2325 | T55: Cabonne | U55: NSW,Cabonne | V55: cabonne-shire-council | W55: =IF(A55="NSW",_xlfn.TEXTJOIN("",TRUE,'State Sites'!B$2,Main!V55),"") -> https://data.nsw.gov.au/data/organization/cabonne-shire-council
A56: NSW | B56: Regional | C56: Central West | D56: Cowra Shire | E56: Cowra | F56: 1980 | G56: n/a | H56: 2829 | I56: 1092 | T56: Cowra | U56: NSW,Cowra | V56: cowra-shire-council | W56: =IF(A56="NSW",_xlfn.TEXTJOIN("",TRUE,'State Sites'!B$2,Main!V56),"") -> https://data.nsw.gov.au/data/organization/cowra-shire-council
A57: NSW | B57: Regional | C57: Central West | D57: Forbes Shire | E57: Forbes | F57: 4 June 1870[81] (as Municipal District) | G57: n/a | H57: 4710 | I57: 1820 | T57: Forbes | U57: NSW,Forbes | V57: forbes-shire-council | W57: =IF(A57="NSW",_xlfn.TEXTJOIN("",TRUE,'State Sites'!B$2,Main!V57),"") -> https://data.nsw.gov.au/data/organization/forbes-shire-council
A58: NSW | B58: Regional | C58: Central West | D58: Lachlan Shire | E58: Condobolin | F58: 6 March 1906[4] | G58: n/a | H58: 14964 | I58: 5778 | T58: Lachlan | U58: NSW,Lachlan | V58: lachlan-shire-council | W58: =IF(A58="NSW",_xlfn.TEXTJOIN("",TRUE,'State Sites'!B$2,Main!V58),"") -> https://data.nsw.gov.au/data/organization/lachlan-shire-council
A59: NSW | B59: Regional | C59: Central West | D59: Lithgow | E59: Lithgow | F59: 4 June 1889 (Municipality)[82] | G59: 21 December 1945[83] | H59: 4512 | I59: 1742 | T59: Lithgow | U59: NSW,Lithgow | V59: lithgow-city-council | W59: =IF(A59="NSW",_xlfn.TEXTJOIN("",TRUE,'State Sites'!B$2,Main!V59),"") -> https://data.nsw.gov.au/data/organization/lithgow-city-council
A60: NSW | B60: Regional | C60: Central West | D60: Mid-Western Regional Council | E60: Mudgee | F60: 26 May 2004[44] | G60: n/a | H60: 8752 | I60: 3379 | T60: Mid-Western Regional | U60: NSW,Mid-Western Regional | V60: mid-western-regional-council | W60: =IF(A60="NSW",_xlfn.TEXTJOIN("",TRUE,'State Sites'!B$2,Main!V60),"") -> https://data.nsw.gov.au/data/organization/mid-western-regional-council
A61: NSW | B61: Regional | C61: Central West | D61: Oberon Shire | E61: Oberon | F61: 6 March 1906[4] | G61: n/a | H61: 3625 | I61: 1400 | T61: Oberon | U61: NSW,Oberon | V61: bathurst-regional-council | W61: =IF(A61="NSW",_xlfn.TEXTJOIN("",TRUE,'State Sites'!B$2,Main!V61),"") -> https://data.nsw.gov.au/data/organization/bathurst-regional-council
A62: NSW | B62: Regional | C62: Central West | D62: Orange | E62: Orange | F62: 9 January 1860 (Municipality)[84] | G62: 16993 | H62: 284 | I62: 110 | T62: Orange | U62: NSW,Orange | V62: orange-city-council | W62: =IF(A62="NSW",_xlfn.TEXTJOIN("",TRUE,'State Sites'!B$2,Main!V62),"") -> https://data.nsw.gov.au/data/organization/orange-city-council
A63: NSW | B63: Regional | C63: Central West | D63: Parkes Shire | E63: Parkes | F63: 1 March 1883 (as Municipal District)[85] | G63: n/a | H63: 5958 | I63: 2300 | T63: Parkes | U63: NSW,Parkes | V63: parkes-shire-council | W63: =IF(A63="NSW",_xlfn.TEXTJOIN("",TRUE,'State Sites'!B$2,Main!V63),"") -> https://data.nsw.gov.au/data/organization/parkes-shire-council
A64: NSW | B64: Regional | C64: Central West | D64: Weddin Shire | E64: Grenfell | F64: 6 March 1906[4] | G64: n/a | H64: 3415 | I64: 1319 | T64: Weddin | U64: NSW,Weddin | V64: weddin-shire-council | W64: =IF(A64="NSW",_xlfn.TEXTJOIN("",TRUE,'State Sites'!B$2,Main!V64),"") -> https://data.nsw.gov.au/data/organization/weddin-shire-council
A65: NSW | B65: Regional | C65: Far West | D65: Broken Hill | E65: Council Chambers, Broken Hill | F65: n/a | G65: 24 September 1888[94] | H65: 170 | I65: 66 | T65: Broken Hill | U65: NSW,Broken Hill | V65: broken-hill-city-council | W65: =IF(A65="NSW",_xlfn.TEXTJOIN("",TRUE,'State Sites'!B$2,Main!V65),"") -> https://data.nsw.gov.au/data/organization/broken-hill-city-council
A66: NSW | B66: Regional | C66: Far West | D66: Central Darling Shire | E66: Wilcannia | F66: 20 March 1959[95] | G66: n/a | H66: 53492 | I66: 20653 | T66: Central Darling | U66: NSW,Central Darling | V66: central-darling-shire-council | W66: =IF(A66="NSW",_xlfn.TEXTJOIN("",TRUE,'State Sites'!B$2,Main!V66),"") -> https://data.nsw.gov.au/data/organization/central-darling-shire-council
F67: 6 February 1883 (as Municipal District of Wilcannia)[96] | V67: 0 | W67: =IF(A67="NSW",_xlfn.TEXTJOIN("",TRUE,'State Sites'!B$2,Main!V67),"")
A68: NSW | B68: Regional | C68: Far West | D68: Unincorporated Far West | E68: N/A | F68: n/a | H68: 93199 | I68: 35984 | T68: Unincorporated | U68: NSW,Unincorporated | V68: Unincorporated Far West | W68: =IF(A68="NSW",_xlfn.TEXTJOIN("",TRUE,'State Sites'!B$2,Main!V68),"") -> https://data.nsw.gov.au/data/organization/Unincorporated Far West
A69: NSW | B69: Regional | C69: Greater Newcastle and Hunter | D69: Cessnock | E69: Cessnock | F69: 7 March 1906 (Shire)[56] | G69: n/a | H69: 1965 | I69: 759 | T69: Cessnock | U69: NSW,Cessnock | V69: cessnock-city-council | W69: =IF(A69="NSW",_xlfn.TEXTJOIN("",TRUE,'State Sites'!B$2,Main!V69),"") -> https://data.nsw.gov.au/data/organization/cessnock-city-council
A70: NSW | B70: Regional | C70: Greater Newcastle and Hunter | D70: Dungog Shire | E70: Dungog | F70: 16 May 1893[60] | G70: n/a | H70: 2250 | I70: 870 | T70: Dungog | U70: NSW,Dungog | V70: dungog-shire-council | W70: =IF(A70="NSW",_xlfn.TEXTJOIN("",TRUE,'State Sites'!B$2,Main!V70),"") -> https://data.nsw.gov.au/data/organization/dungog-shire-council
A71: NSW | B71: Regional | C71: Greater Newcastle and Hunter | D71: Lake Macquarie | E71: Speers Point | F71: 1906 (Shire) 1977 (Municipality) | G71: 7 September 1984 | H71: 649 | I71: 251 | T71: Lake Macquarie | U71: NSW,Lake Macquarie | V71: lakemac | W71: =IF(A71="NSW",_xlfn.TEXTJOIN("",TRUE,'State Sites'!B$2,Main!V71),"") -> https://data.nsw.gov.au/data/organization/lakemac
A72: NSW | B72: Regional | C72: Greater Newcastle and Hunter | D72: Maitland | E72: Maitland | F72: 12 March 1862 | G72: 7 December 1945[57] | H72: 392 | I72: 151 | T72: Maitland | U72: NSW,Maitland | V72: maitland-city-council | W72: =IF(A72="NSW",_xlfn.TEXTJOIN("",TRUE,'State Sites'!B$2,Main!V72),"") -> https://data.nsw.gov.au/data/organization/maitland-city-council
F73: (as Municipality of East Maitland) | V73: 0 | W73: =IF(A73="NSW",_xlfn.TEXTJOIN("",TRUE,'State Sites'!B$2,Main!V73),"")
A74: NSW | B74: Regional | C74: Greater Newcastle and Hunter | D74: Muswellbrook Shire | E74: Muswellbrook | F74: 13 April 1870 (Municipal District of Musclebrook)[61] | G74: n/a | H74: 3405 | I74: 1315 | T74: Muswellbrook | U74: NSW,Muswellbrook | V74: muswellbrook-shire-council | W74: =IF(A74="NSW",_xlfn.TEXTJOIN("",TRUE,'State Sites'!B$2,Main!V74),"") -> https://data.nsw.gov.au/data/organization/muswellbrook-shire-council
A75: NSW | B75: Regional | C75: Greater Newcastle and Hunter | D75: Newcastle | E75: Newcastle | F75: 8 June 1859 (Municipality)[58] | G75: 26 January 1848[59] | H75: 187 | I75: 72 | T75: Newcastle | U75: NSW,Newcastle | V75: newcastle-city-council | W75: =IF(A75="NSW",_xlfn.TEXTJOIN("",TRUE,'State Sites'!B$2,Main!V75),"") -> https://data.nsw.gov.au/data/organization/newcastle-city-council
A76: NSW | B76: Regional | C76: Greater Newcastle and Hunter | D76: Port Stephens Council | E76: Raymond Terrace | F76: 7 March 1906 (Shire)[4] | G76: n/a | H76: 858 | I76: 331 | T76: Port Stephens | U76: NSW,Port Stephens | V76: port-stephens-council | W76: =IF(A76="NSW",_xlfn.TEXTJOIN("",TRUE,'State Sites'!B$2,Main!V76),"") -> https://data.nsw.gov.au/data/organization/port-stephens-council
A77: NSW | B77: Regional | C77: Greater Newcastle and Hunter | D77: Singleton Council | E77: Singleton | F77: 2 February 1866 (Municipality)[62] | G77: n/a | H77: 4893 | I77: 1889 | T77: Singleton | U77: NSW,Singleton | V77: singleton-shire-council | W77: =IF(A77="NSW",_xlfn.TEXTJOIN("",TRUE,'State Sites'!B$2,Main!V77),"") -> https://data.nsw.gov.au/data/organization/singleton-shire-council
A78: NSW | B78: Regional | C78: Greater Newcastle and Hunter | D78: Upper Hunter Shire | E78: Scone | F78: 26 May 2004[44] | G78: n/a | H78: 8096 | I78: 3126 | T78: Upper Hunter Shire | U78: NSW,Upper Hunter Shire | V78: upper-hunter-shire-council | W78: =IF(A78="NSW",_xlfn.TEXTJOIN("",TRUE,'State Sites'!B$2,Main!V78),"") -> https://data.nsw.gov.au/data/organization/upper-hunter-shire-council
A79: NSW | B79: Regional | C79: Illawarra | D79: Kiama | E79: Kiama | F79: 1859 (Municipality) | G79: n/a | H79: 258 | I79: 100 | T79: Kiama | U79: NSW,Kiama | V79: the-council-of-the-municipality-of-kiama | W79: =IF(A79="NSW",_xlfn.TEXTJOIN("",TRUE,'State Sites'!B$2,Main!V79),"") -> https://data.nsw.gov.au/data/organization/the-council-of-the-municipality-of-kiama
A80: NSW | B80: Regional | C80: Illawarra | D80: Shellharbour | E80: Shellharbour City Centre | F80: 4 June 1859 (Municipality) | G80: 35186 | H80: 147 | I80: 57 | T80: Shellharbour | U80: NSW,Shellharbour | V80: the-council-of-the-municipality-of-kiama | W80: =IF(A80="NSW",_xlfn.TEXTJOIN("",TRUE,'State Sites'!B$2,Main!V80),"") -> https://data.nsw.gov.au/data/organization/the-council-of-the-municipality-of-kiama
A81: NSW | B81: Regional | C81: Illawarra | D81: Shoalhaven | E81: Nowra | F81: 1 July 1948 (Shire) | G81: 13 July 1979[63] | H81: 4567 | I81: 1763 | T81: Shoalhaven | U81: NSW,Shoalhaven | V81: shoalhaven-city-council | W81: =IF(A81="NSW",_xlfn.TEXTJOIN("",TRUE,'State Sites'!B$2,Main!V81),"") -> https://data.nsw.gov.au/data/organization/shoalhaven-city-council
A82: NSW | B82: Regional | C82: Illawarra | D82: Wingecarribee Shire | E82: Moss Vale | F82: 1 January 1981 | G82: n/a | H82: 2689 | I82: 1038 | T82: Wingecarribee | U82: NSW,Wingecarribee | V82: wingecarribee-shire-council | W82: =IF(A82="NSW",_xlfn.TEXTJOIN("",TRUE,'State Sites'!B$2,Main!V82),"") -> https://data.nsw.gov.au/data/organization/wingecarribee-shire-council
A83: NSW | B83: Regional | C83: Illawarra | D83: Wollongong | E83: Wollongong | F83: 24 August 1843 | G83: 11 September 1942 | H83: 684 | I83: 264 | T83: Wollongong | U83: NSW,Wollongong | V83: wollongong-city-council | W83: =IF(A83="NSW",_xlfn.TEXTJOIN("",TRUE,'State Sites'!B$2,Main!V83),"") -> https://data.nsw.gov.au/data/organization/wollongong-city-council
F84: (as Illawarra District Council) | V84: 0 | W84: =IF(A84="NSW",_xlfn.TEXTJOIN("",TRUE,'State Sites'!B$2,Main!V84),"")
A85: NSW | B85: Regional | C85: Mid North Coast | D85: Bellingen Shire | E85: Bellingen | F85: 30 November 1956[31] | G85: n/a | H85: 1600 | I85: 620 | T85: Bellingen | U85: NSW,Bellingen | V85: bellingen-shire-council | W85: =IF(A85="NSW",_xlfn.TEXTJOIN("",TRUE,'State Sites'!B$2,Main!V85),"") -> https://data.nsw.gov.au/data/organization/bellingen-shire-council
A86: NSW | B86: Regional | C86: Mid North Coast | D86: Coffs Harbour | E86: Coffs Harbour | F86: 30 November 1956 (Shire) | G86: 1 May 1987[31][32] | H86: 1174 | I86: 453 | T86: Coffs Harbour | U86: NSW,Coffs Harbour | V86: coffs-harbour-city-council | W86: =IF(A86="NSW",_xlfn.TEXTJOIN("",TRUE,'State Sites'!B$2,Main!V86),"") -> https://data.nsw.gov.au/data/organization/coffs-harbour-city-council
A87: NSW | B87: Regional | C87: Mid North Coast | D87: Kempsey Shire | E87: Kempsey | F87: 11 June 1886 (Borough)[33] | G87: n/a | H87: 3376 | I87: 1303 | T87: Kempsey | U87: NSW,Kempsey | V87: kempsey-shire-council | W87: =IF(A87="NSW",_xlfn.TEXTJOIN("",TRUE,'State Sites'!B$2,Main!V87),"") -> https://data.nsw.gov.au/data/organization/kempsey-shire-council
A88: NSW | B88: Regional | C88: Mid North Coast | D88: Lord Howe Island | E88: N/A | F88: 1913 (Board of Control), 1954 (Board)[37] | G88: n/a | H88: 15 | I88: 5.8 | T88: Unincorporated | U88: NSW,Unincorporated | V88: lord-howe-island-board | W88: =IF(A88="NSW",_xlfn.TEXTJOIN("",TRUE,'State Sites'!B$2,Main!V88),"") -> https://data.nsw.gov.au/data/organization/lord-howe-island-board
A89: NSW | B89: Regional | C89: Mid North Coast | D89: Mid-Coast Council | E89: Gloucester, Forster, Taree | F89: 1906 (as Gloucester Shire) | G89: 12 May 2016 | H89: 10054 | I89: 3882 | T89: Mid-Coast | U89: NSW,Mid-Coast | V89: mid-coast-council | W89: =IF(A89="NSW",_xlfn.TEXTJOIN("",TRUE,'State Sites'!B$2,Main!V89),"") -> https://data.nsw.gov.au/data/organization/mid-coast-council
F90: 7 March 1906 (Municipality of Great Lakes) | V90: 0 | W90: =IF(A90="NSW",_xlfn.TEXTJOIN("",TRUE,'State Sites'!B$2,Main!V90),"")
F91: 1 January 1981 (Borough of Taree)[34] | V91: 0 | W91: =IF(A91="NSW",_xlfn.TEXTJOIN("",TRUE,'State Sites'!B$2,Main!V91),"")
A92: NSW | B92: Regional | C92: Mid North Coast | D92: Nambucca Valley Council | E92: Macksville | F92: 15 December 1915[35] | G92: n/a | H92: 1491 | I92: 576 | T92: Nambucca Valley | U92: NSW,Nambucca Valley | V92: nambucca-shire-council | W92: =IF(A92="NSW",_xlfn.TEXTJOIN("",TRUE,'State Sites'!B$2,Main!V92),"") -> https://data.nsw.gov.au/data/organization/nambucca-shire-council
A93: NSW | B93: Regional | C93: Mid North Coast | D93: Port Macquarie-Hastings Council | E93: Port Macquarie | F93: 13 July 2005 | G93: n/a | H93: 3682 | I93: 1422 | T93: Port Macquarie-Hastings | U93: NSW,Port Macquarie-Hastings | V93: port-macquarie-hastings-council | W93: =IF(A93="NSW",_xlfn.TEXTJOIN("",TRUE,'State Sites'!B$2,Main!V93),"") -> https://data.nsw.gov.au/data/organization/port-macquarie-hastings-council
F94: 1 January 1881 (Municipality of Hastings)[36] | V94: 0 | W94: =IF(A94="NSW",_xlfn.TEXTJOIN("",TRUE,'State Sites'!B$2,Main!V94),"")
A95: NSW | B95: Regional | C95: Murray | D95: Albury | E95: Albury | F95: 4 June 1859 (as Municipality)[39] | G95: 1946[40] | H95: 306 | I95: 118 | T95: Albury | U95: NSW,Albury | V95: albury-city-council | W95: =IF(A95="NSW",_xlfn.TEXTJOIN("",TRUE,'State Sites'!B$2,Main!V95),"") -> https://data.nsw.gov.au/data/organization/albury-city-council
A96: NSW | B96: Regional | C96: Murray | D96: Balranald Shire | E96: Balranald | F96: 27 September 1882[41] | G96: n/a | H96: 21691 | I96: 8375 | T96: Balranald | U96: NSW,Balranald | V96: balranald-shire-council | W96: =IF(A96="NSW",_xlfn.TEXTJOIN("",TRUE,'State Sites'!B$2,Main!V96),"") -> https://data.nsw.gov.au/data/organization/balranald-shire-council
A97: NSW | B97: Regional | C97: Murray | D97: Berrigan Shire | E97: Berrigan | F97: 6 March 1906[4] | G97: n/a | H97: 2066 | I97: 798 | T97: Berrigan | U97: NSW,Berrigan | V97: berrigan-shire-council | W97: =IF(A97="NSW",_xlfn.TEXTJOIN("",TRUE,'State Sites'!B$2,Main!V97),"") -> https://data.nsw.gov.au/data/organization/berrigan-shire-council
A98: NSW | B98: Regional | C98: Murray | D98: Edward River Council | E98: Deniliquin | F98: 1907 (as Conargo Shire) | G98: 12 May 2016 | H98: 8884 | I98: 3430 | T98: Edward River | U98: NSW,Edward River | V98: edward-river-council | W98: =IF(A98="NSW",_xlfn.TEXTJOIN("",TRUE,'State Sites'!B$2,Main!V98),"") -> https://data.nsw.gov.au/data/organization/edward-river-council
F99: 16 December 1868 | V99: 0 | W99: =IF(A99="NSW",_xlfn.TEXTJOIN("",TRUE,'State Sites'!B$2,Main!V99),"")
F100: (as Deniliquin Council)[42] | V100: 0 | W100: =IF(A100="NSW",_xlfn.TEXTJOIN("",TRUE,'State Sites'!B$2,Main!V100),"")
...

Sheet State Sites
A1: State | B1: Spatial Website
A2: NSW | B2: https://data.nsw.gov.au/data/organization/
